[{"pk": 1, "model": "spat.termmodel", "fields": {"is_active": true, "term_type": "D", "model_name": "Deprecia\u00e7\u00e3o", "term_text": "<p>O bem abaixo relacionado sofreu deprecia&ccedil;&atilde;o na presente data.</p>\r\n<p>N&ordm; patrim&ocirc;nio: {{ asset_code }}</p>\r\n<p>Descri&ccedil;&atilde;o: {{ asset_description }}</p>\r\n<p>Seu valor anterior era de R$ {{ asset_old_value }}, sofreu R$ {{ depreciation_value }} de deprecia&ccedil;&atilde;o, terminando em R$ {{ asset_new_value }}</p>\r\n<p>Observa&ccedil;&otilde;es: {{ registry_annotation }}</p>\r\n<p>&nbsp;</p>\r\n<p>Sobradinho, {{ registry_date }}</p>\r\n<p>&nbsp;</p>\r\n<p>________________________</p>\r\n<p>Assinatura do almoxarife</p>"}}, {"pk": 1, "model": "spat.assetclass", "fields": {"description": "Bens Im\u00f3veis", "sign": "IMOB"}}, {"pk": 2, "model": "spat.assetclass", "fields": {"description": "Bens M\u00f3veis", "sign": "MOB"}}, {"pk": 3, "model": "spat.assetclass", "fields": {"description": "Bens de uso especial", "sign": "ESP"}}, {"pk": 4, "model": "spat.assetclass", "fields": {"description": "Bens dominiais", "sign": "DOM"}}, {"pk": 5, "model": "spat.assetclass", "fields": {"description": "Bens de uso comum do povo", "sign": "COM"}}, {"pk": 6, "model": "spat.assetclass", "fields": {"description": "Bens im\u00f3veis em andamento", "sign": "AND"}}, {"pk": 7, "model": "spat.assetclass", "fields": {"description": "Demais bens im\u00f3veis", "sign": "DEM"}}, {"pk": 3, "model": "spat.assetcatalog", "fields": {"tecnical_features": "Unidade residencial unifamiliar.", "asset_class": 1, "item_code": "4.4.90.52.00", "description": "Casa"}}, {"pk": 4, "model": "spat.assetcatalog", "fields": {"tecnical_features": "Ve\u00edculo motorizado de quatro ou mais rodas, cujo peso bruto total n\u00e3o exceda a tr\u00eas mil e quinhentos quilogramas e cuja lota\u00e7\u00e3o n\u00e3o exceda a oito lugares, exclu\u00eddo o do motorista.", "asset_class": 2, "item_code": "4.4.90.52.01", "description": "Autom\u00f3vel passeio"}}, {"pk": 1, "model": "spat.asset", "fields": {"status": "U", "description": "Casa de 420m2 de \u00e1rea constru\u00edda em dois pavimentos, sendo o primeiro pavimento com tr\u00eas salas amplas, cozinha, e banheiro social. O segundo pavimento conta com 1 sala, cinco quartos com banheiros. Destinada a sediar o Poder Legislativo Municipal.", "acquisition_type": 1, "actual_place": 1, "acquisition_date": "2003-05-06", "asset_code": "133.090", "acquisition_doc_type": "Registro de Im\u00f3vel", "acquisition_doc_num": "12454.121478.36559", "actual_value": "420000.00", "supplier": 1, "acquisition_value": "420000.00", "asset_type": 3, "classification_code": "4.4.52.00.01"}}, {"pk": 2, "model": "spat.asset", "fields": {"status": "U", "description": "Ve\u00edculo Chevrolet Vectra Elite 2.0 MPFI ano 2006 placa GZD-1212 usado no transporte de autoridades.", "acquisition_type": 1, "actual_place": 2, "acquisition_date": "2006-08-29", "asset_code": "133.091", "acquisition_doc_type": "DUT", "acquisition_doc_num": "934572589457", "actual_value": "25525.00", "supplier": 1, "acquisition_value": "64309.00", "asset_type": 4, "classification_code": "4.4.52.00.02"}}, {"pk": 1, "model": "spat.assetmovement", "fields": {"mov_date": "2013-08-29T15:26:37.560Z", "asset": 2, "content_type": 28, "object_id": 1}}, {"pk": 1, "model": "spat.depreciationregistry", "fields": {"term_model": 1, "registry_date": "2013-08-29T15:26:37.509Z", "old_value": "64309.00", "depreciation_value": "38784.00", "asset": 2, "new_value": "25525.00", "annotation": "Conforme tabela FIPE de agosto de 2013"}}, {"pk": "201209", "model": "spat.inventory", "fields": {"hidden_year_month_fstday": "2012-09-01", "generation_date": "2013-08-29T15:39:09.347Z", "total_value": "445525.00"}}, {"pk": "201210", "model": "spat.inventory", "fields": {"hidden_year_month_fstday": "2012-10-01", "generation_date": "2013-08-29T15:39:16.120Z", "total_value": "445525.00"}}, {"pk": "201211", "model": "spat.inventory", "fields": {"hidden_year_month_fstday": "2012-11-01", "generation_date": "2013-08-29T15:39:20.811Z", "total_value": "445525.00"}}, {"pk": "201212", "model": "spat.inventory", "fields": {"hidden_year_month_fstday": "2012-12-01", "generation_date": "2013-08-29T15:49:50.675Z", "total_value": "445525.00"}}, {"pk": "201301", "model": "spat.inventory", "fields": {"hidden_year_month_fstday": "2013-01-01", "generation_date": "2013-08-29T15:39:27.623Z", "total_value": "445525.00"}}, {"pk": "201302", "model": "spat.inventory", "fields": {"hidden_year_month_fstday": "2013-02-01", "generation_date": "2013-08-29T15:39:34.018Z", "total_value": "445525.00"}}, {"pk": "201303", "model": "spat.inventory", "fields": {"hidden_year_month_fstday": "2013-03-01", "generation_date": "2013-08-29T15:39:40.364Z", "total_value": "445525.00"}}, {"pk": "201304", "model": "spat.inventory", "fields": {"hidden_year_month_fstday": "2013-04-01", "generation_date": "2013-08-29T15:39:46.586Z", "total_value": "445525.00"}}, {"pk": "201305", "model": "spat.inventory", "fields": {"hidden_year_month_fstday": "2013-05-01", "generation_date": "2013-08-29T15:39:52.763Z", "total_value": "445525.00"}}, {"pk": "201306", "model": "spat.inventory", "fields": {"hidden_year_month_fstday": "2013-06-01", "generation_date": "2013-08-29T15:39:57.818Z", "total_value": "445525.00"}}, {"pk": "201307", "model": "spat.inventory", "fields": {"hidden_year_month_fstday": "2013-07-01", "generation_date": "2013-08-29T15:40:03.315Z", "total_value": "445525.00"}}, {"pk": "201308", "model": "spat.inventory", "fields": {"hidden_year_month_fstday": "2013-08-01", "generation_date": "2013-08-29T15:40:17.709Z", "total_value": "445525.00"}}, {"pk": 1, "model": "spat.inventorydetail", "fields": {"asset_value": "420000.00", "asset_description": "Casa de 420m2 de \u00e1rea constru\u00edda em dois pavimentos, sendo o primeiro pavimento com tr\u00eas salas amplas, cozinha, e banheiro social. O segundo pavimento conta com 1 sala, cinco quartos com banheiros. Destinada a sediar o Poder Legislativo Municipal.", "inventory": "201209", "unit": 1, "asset": 1}}, {"pk": 2, "model": "spat.inventorydetail", "fields": {"asset_value": "25525.00", "asset_description": "Ve\u00edculo Chevrolet Vectra Elite 2.0 MPFI ano 2006 placa GZD-1212 usado no transporte de autoridades.", "inventory": "201209", "unit": 2, "asset": 2}}, {"pk": 3, "model": "spat.inventorydetail", "fields": {"asset_value": "420000.00", "asset_description": "Casa de 420m2 de \u00e1rea constru\u00edda em dois pavimentos, sendo o primeiro pavimento com tr\u00eas salas amplas, cozinha, e banheiro social. O segundo pavimento conta com 1 sala, cinco quartos com banheiros. Destinada a sediar o Poder Legislativo Municipal.", "inventory": "201210", "unit": 1, "asset": 1}}, {"pk": 4, "model": "spat.inventorydetail", "fields": {"asset_value": "25525.00", "asset_description": "Ve\u00edculo Chevrolet Vectra Elite 2.0 MPFI ano 2006 placa GZD-1212 usado no transporte de autoridades.", "inventory": "201210", "unit": 2, "asset": 2}}, {"pk": 5, "model": "spat.inventorydetail", "fields": {"asset_value": "420000.00", "asset_description": "Casa de 420m2 de \u00e1rea constru\u00edda em dois pavimentos, sendo o primeiro pavimento com tr\u00eas salas amplas, cozinha, e banheiro social. O segundo pavimento conta com 1 sala, cinco quartos com banheiros. Destinada a sediar o Poder Legislativo Municipal.", "inventory": "201211", "unit": 1, "asset": 1}}, {"pk": 6, "model": "spat.inventorydetail", "fields": {"asset_value": "25525.00", "asset_description": "Ve\u00edculo Chevrolet Vectra Elite 2.0 MPFI ano 2006 placa GZD-1212 usado no transporte de autoridades.", "inventory": "201211", "unit": 2, "asset": 2}}, {"pk": 7, "model": "spat.inventorydetail", "fields": {"asset_value": "420000.00", "asset_description": "Casa de 420m2 de \u00e1rea constru\u00edda em dois pavimentos, sendo o primeiro pavimento com tr\u00eas salas amplas, cozinha, e banheiro social. O segundo pavimento conta com 1 sala, cinco quartos com banheiros. Destinada a sediar o Poder Legislativo Municipal.", "inventory": "201301", "unit": 1, "asset": 1}}, {"pk": 8, "model": "spat.inventorydetail", "fields": {"asset_value": "25525.00", "asset_description": "Ve\u00edculo Chevrolet Vectra Elite 2.0 MPFI ano 2006 placa GZD-1212 usado no transporte de autoridades.", "inventory": "201301", "unit": 2, "asset": 2}}, {"pk": 9, "model": "spat.inventorydetail", "fields": {"asset_value": "420000.00", "asset_description": "Casa de 420m2 de \u00e1rea constru\u00edda em dois pavimentos, sendo o primeiro pavimento com tr\u00eas salas amplas, cozinha, e banheiro social. O segundo pavimento conta com 1 sala, cinco quartos com banheiros. Destinada a sediar o Poder Legislativo Municipal.", "inventory": "201302", "unit": 1, "asset": 1}}, {"pk": 10, "model": "spat.inventorydetail", "fields": {"asset_value": "25525.00", "asset_description": "Ve\u00edculo Chevrolet Vectra Elite 2.0 MPFI ano 2006 placa GZD-1212 usado no transporte de autoridades.", "inventory": "201302", "unit": 2, "asset": 2}}, {"pk": 11, "model": "spat.inventorydetail", "fields": {"asset_value": "420000.00", "asset_description": "Casa de 420m2 de \u00e1rea constru\u00edda em dois pavimentos, sendo o primeiro pavimento com tr\u00eas salas amplas, cozinha, e banheiro social. O segundo pavimento conta com 1 sala, cinco quartos com banheiros. Destinada a sediar o Poder Legislativo Municipal.", "inventory": "201303", "unit": 1, "asset": 1}}, {"pk": 12, "model": "spat.inventorydetail", "fields": {"asset_value": "25525.00", "asset_description": "Ve\u00edculo Chevrolet Vectra Elite 2.0 MPFI ano 2006 placa GZD-1212 usado no transporte de autoridades.", "inventory": "201303", "unit": 2, "asset": 2}}, {"pk": 13, "model": "spat.inventorydetail", "fields": {"asset_value": "420000.00", "asset_description": "Casa de 420m2 de \u00e1rea constru\u00edda em dois pavimentos, sendo o primeiro pavimento com tr\u00eas salas amplas, cozinha, e banheiro social. O segundo pavimento conta com 1 sala, cinco quartos com banheiros. Destinada a sediar o Poder Legislativo Municipal.", "inventory": "201304", "unit": 1, "asset": 1}}, {"pk": 14, "model": "spat.inventorydetail", "fields": {"asset_value": "25525.00", "asset_description": "Ve\u00edculo Chevrolet Vectra Elite 2.0 MPFI ano 2006 placa GZD-1212 usado no transporte de autoridades.", "inventory": "201304", "unit": 2, "asset": 2}}, {"pk": 15, "model": "spat.inventorydetail", "fields": {"asset_value": "420000.00", "asset_description": "Casa de 420m2 de \u00e1rea constru\u00edda em dois pavimentos, sendo o primeiro pavimento com tr\u00eas salas amplas, cozinha, e banheiro social. O segundo pavimento conta com 1 sala, cinco quartos com banheiros. Destinada a sediar o Poder Legislativo Municipal.", "inventory": "201305", "unit": 1, "asset": 1}}, {"pk": 16, "model": "spat.inventorydetail", "fields": {"asset_value": "25525.00", "asset_description": "Ve\u00edculo Chevrolet Vectra Elite 2.0 MPFI ano 2006 placa GZD-1212 usado no transporte de autoridades.", "inventory": "201305", "unit": 2, "asset": 2}}, {"pk": 17, "model": "spat.inventorydetail", "fields": {"asset_value": "420000.00", "asset_description": "Casa de 420m2 de \u00e1rea constru\u00edda em dois pavimentos, sendo o primeiro pavimento com tr\u00eas salas amplas, cozinha, e banheiro social. O segundo pavimento conta com 1 sala, cinco quartos com banheiros. Destinada a sediar o Poder Legislativo Municipal.", "inventory": "201306", "unit": 1, "asset": 1}}, {"pk": 18, "model": "spat.inventorydetail", "fields": {"asset_value": "25525.00", "asset_description": "Ve\u00edculo Chevrolet Vectra Elite 2.0 MPFI ano 2006 placa GZD-1212 usado no transporte de autoridades.", "inventory": "201306", "unit": 2, "asset": 2}}, {"pk": 19, "model": "spat.inventorydetail", "fields": {"asset_value": "420000.00", "asset_description": "Casa de 420m2 de \u00e1rea constru\u00edda em dois pavimentos, sendo o primeiro pavimento com tr\u00eas salas amplas, cozinha, e banheiro social. O segundo pavimento conta com 1 sala, cinco quartos com banheiros. Destinada a sediar o Poder Legislativo Municipal.", "inventory": "201307", "unit": 1, "asset": 1}}, {"pk": 20, "model": "spat.inventorydetail", "fields": {"asset_value": "25525.00", "asset_description": "Ve\u00edculo Chevrolet Vectra Elite 2.0 MPFI ano 2006 placa GZD-1212 usado no transporte de autoridades.", "inventory": "201307", "unit": 2, "asset": 2}}, {"pk": 21, "model": "spat.inventorydetail", "fields": {"asset_value": "420000.00", "asset_description": "Casa de 420m2 de \u00e1rea constru\u00edda em dois pavimentos, sendo o primeiro pavimento com tr\u00eas salas amplas, cozinha, e banheiro social. O segundo pavimento conta com 1 sala, cinco quartos com banheiros. Destinada a sediar o Poder Legislativo Municipal.", "inventory": "201308", "unit": 1, "asset": 1}}, {"pk": 22, "model": "spat.inventorydetail", "fields": {"asset_value": "25525.00", "asset_description": "Ve\u00edculo Chevrolet Vectra Elite 2.0 MPFI ano 2006 placa GZD-1212 usado no transporte de autoridades.", "inventory": "201308", "unit": 2, "asset": 2}}, {"pk": 23, "model": "spat.inventorydetail", "fields": {"asset_value": "420000.00", "asset_description": "Casa de 420m2 de \u00e1rea constru\u00edda em dois pavimentos, sendo o primeiro pavimento com tr\u00eas salas amplas, cozinha, e banheiro social. O segundo pavimento conta com 1 sala, cinco quartos com banheiros. Destinada a sediar o Poder Legislativo Municipal.", "inventory": "201212", "unit": 1, "asset": 1}}, {"pk": 24, "model": "spat.inventorydetail", "fields": {"asset_value": "25525.00", "asset_description": "Ve\u00edculo Chevrolet Vectra Elite 2.0 MPFI ano 2006 placa GZD-1212 usado no transporte de autoridades.", "inventory": "201212", "unit": 2, "asset": 2}}, {"pk": 1, "model": "spat.insurancepolicy", "fields": {"deductible_credits": "2500.00", "end_date": "2013-12-31", "asset_insured": 2, "start_date": "2013-01-01", "annotation": "Seguro contra roubo, furto e danos a terceiros", "policy_id": "95437524158", "amount_insured": "27654.00", "insurance_premium": "2552.00"}}]